mms_id,dlxs_id,alma_value,dlxs_value,alma_url,dlxs_url
990005526730106381,ACJ3603.1919.001,Academia de la Historia de Cuba.,"Academia de la Historia de Cuba, Havana.",https://search.lib.umich.edu/catalog/record/990005526730106381,https://quod.lib.umich.edu/p/philamer/ACJ3603.1919.001
990005526730106381,ACJ3603.1920.001,Academia de la Historia de Cuba.,"Academia de la Historia de Cuba, Havana.",https://search.lib.umich.edu/catalog/record/990005526730106381,https://quod.lib.umich.edu/p/philamer/ACJ3603.1920.001
990005526730106381,ACJ3603.1921.001,Academia de la Historia de Cuba.,"Academia de la Historia de Cuba, Havana.",https://search.lib.umich.edu/catalog/record/990005526730106381,https://quod.lib.umich.edu/p/philamer/ACJ3603.1921.001
990012613330106381,AFJ6766.0001.001,"Alexander, Mary Charlotte, 1874-"," Alexander, Mary Charlotte, 1874-.",https://search.lib.umich.edu/catalog/record/990012613330106381,https://quod.lib.umich.edu/p/philamer/AFJ6766.0001.001
990016411970106381,AGZ9105.0001.001,"Asensio, José María, 1829-1905."," Asensio, José María, ed. 1829-1905.",https://search.lib.umich.edu/catalog/record/990016411970106381,https://quod.lib.umich.edu/p/philamer/AGZ9105.0001.001
990016411970106381,AGZ9105.0002.001,"Asensio, José María, 1829-1905."," Asensio, José María, ed. 1829-1905.",https://search.lib.umich.edu/catalog/record/990016411970106381,https://quod.lib.umich.edu/p/philamer/AGZ9105.0002.001
990018711690106381,AHZ9396.0001.001,"Barrows, David P., 1873-1954."," Barrows, David Prescott, 1873-",https://search.lib.umich.edu/catalog/record/990018711690106381,https://quod.lib.umich.edu/p/philamer/AHZ9396.0001.001
990018710200106381,AHZ9239.0001.001,"Barrows, David P., 1873-1954."," Barrows, David Prescott, 1873-",https://search.lib.umich.edu/catalog/record/990018710200106381,https://quod.lib.umich.edu/p/philamer/AHZ9239.0001.001
990043786810106381,AHZ9241.0001.001,"Barrows, David P., 1873-1954."," Barrows, David Prescott, 1873-",https://search.lib.umich.edu/catalog/record/990043786810106381,https://quod.lib.umich.edu/p/philamer/AHZ9241.0001.001
990018710230106381,AHZ9242.0001.001,"Barrows, David P., 1873-1954."," Barrows, David Prescott, 1873-",https://search.lib.umich.edu/catalog/record/990018710230106381,https://quod.lib.umich.edu/p/philamer/AHZ9242.0001.001
990018710210106381,AHZ9240.0001.001,"Barrows, David P., 1873-1954."," Barrows, David Prescott, 1873-",https://search.lib.umich.edu/catalog/record/990018710210106381,https://quod.lib.umich.edu/p/philamer/AHZ9240.0001.001
990018710100106381,AHZ9229.0001.001,"Barrows, David P., 1873-1954."," Barrows, David Prescott, 1873-",https://search.lib.umich.edu/catalog/record/990018710100106381,https://quod.lib.umich.edu/p/philamer/AHZ9229.0001.001
990012672820106381,AFK2830.0001.001,"Blair, Emma Helen, 1851-1911."," Blair, Emma Helen, ed. d.1911.",https://search.lib.umich.edu/catalog/record/990012672820106381,https://quod.lib.umich.edu/p/philamer/AFK2830.0001.001
990012672820106381,AFK2830.0001.010,"Blair, Emma Helen, 1851-1911."," Blair, Emma Helen, ed. d.1911.",https://search.lib.umich.edu/catalog/record/990012672820106381,https://quod.lib.umich.edu/p/philamer/AFK2830.0001.010
990012672820106381,AFK2830.0001.011,"Blair, Emma Helen, 1851-1911."," Blair, Emma Helen, ed. d.1911.",https://search.lib.umich.edu/catalog/record/990012672820106381,https://quod.lib.umich.edu/p/philamer/AFK2830.0001.011
990012672820106381,AFK2830.0001.012,"Blair, Emma Helen, 1851-1911."," Blair, Emma Helen, ed. d.1911.",https://search.lib.umich.edu/catalog/record/990012672820106381,https://quod.lib.umich.edu/p/philamer/AFK2830.0001.012
990012672820106381,AFK2830.0001.013,"Blair, Emma Helen, 1851-1911."," Blair, Emma Helen, ed. d.1911.",https://search.lib.umich.edu/catalog/record/990012672820106381,https://quod.lib.umich.edu/p/philamer/AFK2830.0001.013
990012672820106381,AFK2830.0001.014,"Blair, Emma Helen, 1851-1911."," Blair, Emma Helen, ed. d.1911.",https://search.lib.umich.edu/catalog/record/990012672820106381,https://quod.lib.umich.edu/p/philamer/AFK2830.0001.014
990012672820106381,AFK2830.0001.015,"Blair, Emma Helen, 1851-1911."," Blair, Emma Helen, ed. d.1911.",https://search.lib.umich.edu/catalog/record/990012672820106381,https://quod.lib.umich.edu/p/philamer/AFK2830.0001.015
990012672820106381,AFK2830.0001.016,"Blair, Emma Helen, 1851-1911."," Blair, Emma Helen, ed. d.1911.",https://search.lib.umich.edu/catalog/record/990012672820106381,https://quod.lib.umich.edu/p/philamer/AFK2830.0001.016
990012672820106381,AFK2830.0001.017,"Blair, Emma Helen, 1851-1911."," Blair, Emma Helen, ed. d.1911.",https://search.lib.umich.edu/catalog/record/990012672820106381,https://quod.lib.umich.edu/p/philamer/AFK2830.0001.017
990012672820106381,AFK2830.0001.018,"Blair, Emma Helen, 1851-1911."," Blair, Emma Helen, ed. d.1911.",https://search.lib.umich.edu/catalog/record/990012672820106381,https://quod.lib.umich.edu/p/philamer/AFK2830.0001.018
990012672820106381,AFK2830.0001.019,"Blair, Emma Helen, 1851-1911."," Blair, Emma Helen, ed. d.1911.",https://search.lib.umich.edu/catalog/record/990012672820106381,https://quod.lib.umich.edu/p/philamer/AFK2830.0001.019
990012672820106381,AFK2830.0001.002,"Blair, Emma Helen, 1851-1911."," Blair, Emma Helen, ed. d.1911.",https://search.lib.umich.edu/catalog/record/990012672820106381,https://quod.lib.umich.edu/p/philamer/AFK2830.0001.002
990012672820106381,AFK2830.0001.020,"Blair, Emma Helen, 1851-1911."," Blair, Emma Helen, ed. d.1911.",https://search.lib.umich.edu/catalog/record/990012672820106381,https://quod.lib.umich.edu/p/philamer/AFK2830.0001.020
990012672820106381,AFK2830.0001.021,"Blair, Emma Helen, 1851-1911."," Blair, Emma Helen, ed. d.1911.",https://search.lib.umich.edu/catalog/record/990012672820106381,https://quod.lib.umich.edu/p/philamer/AFK2830.0001.021
990012672820106381,AFK2830.0001.022,"Blair, Emma Helen, 1851-1911."," Blair, Emma Helen, ed. d.1911.",https://search.lib.umich.edu/catalog/record/990012672820106381,https://quod.lib.umich.edu/p/philamer/AFK2830.0001.022
990012672820106381,AFK2830.0001.023,"Blair, Emma Helen, 1851-1911."," Blair, Emma Helen, ed. d.1911.",https://search.lib.umich.edu/catalog/record/990012672820106381,https://quod.lib.umich.edu/p/philamer/AFK2830.0001.023
990012672820106381,AFK2830.0001.024,"Blair, Emma Helen, 1851-1911."," Blair, Emma Helen, ed. d.1911.",https://search.lib.umich.edu/catalog/record/990012672820106381,https://quod.lib.umich.edu/p/philamer/AFK2830.0001.024
990012672820106381,AFK2830.0001.025,"Blair, Emma Helen, 1851-1911."," Blair, Emma Helen, ed. d.1911.",https://search.lib.umich.edu/catalog/record/990012672820106381,https://quod.lib.umich.edu/p/philamer/AFK2830.0001.025
990012672820106381,AFK2830.0001.026,"Blair, Emma Helen, 1851-1911."," Blair, Emma Helen, ed. d.1911.",https://search.lib.umich.edu/catalog/record/990012672820106381,https://quod.lib.umich.edu/p/philamer/AFK2830.0001.026
990012672820106381,AFK2830.0001.027,"Blair, Emma Helen, 1851-1911."," Blair, Emma Helen, ed. d.1911.",https://search.lib.umich.edu/catalog/record/990012672820106381,https://quod.lib.umich.edu/p/philamer/AFK2830.0001.027
990012672820106381,AFK2830.0001.028,"Blair, Emma Helen, 1851-1911."," Blair, Emma Helen, ed. d.1911.",https://search.lib.umich.edu/catalog/record/990012672820106381,https://quod.lib.umich.edu/p/philamer/AFK2830.0001.028
990012672820106381,AFK2830.0001.029,"Blair, Emma Helen, 1851-1911."," Blair, Emma Helen, ed. d.1911.",https://search.lib.umich.edu/catalog/record/990012672820106381,https://quod.lib.umich.edu/p/philamer/AFK2830.0001.029
990012672820106381,AFK2830.0001.003,"Blair, Emma Helen, 1851-1911."," Blair, Emma Helen, ed. d.1911.",https://search.lib.umich.edu/catalog/record/990012672820106381,https://quod.lib.umich.edu/p/philamer/AFK2830.0001.003
990012672820106381,AFK2830.0001.030,"Blair, Emma Helen, 1851-1911."," Blair, Emma Helen, ed. d.1911.",https://search.lib.umich.edu/catalog/record/990012672820106381,https://quod.lib.umich.edu/p/philamer/AFK2830.0001.030
990012672820106381,AFK2830.0001.031,"Blair, Emma Helen, 1851-1911."," Blair, Emma Helen, ed. d.1911.",https://search.lib.umich.edu/catalog/record/990012672820106381,https://quod.lib.umich.edu/p/philamer/AFK2830.0001.031
990012672820106381,AFK2830.0001.032,"Blair, Emma Helen, 1851-1911."," Blair, Emma Helen, ed. d.1911.",https://search.lib.umich.edu/catalog/record/990012672820106381,https://quod.lib.umich.edu/p/philamer/AFK2830.0001.032
990012672820106381,AFK2830.0001.033,"Blair, Emma Helen, 1851-1911."," Blair, Emma Helen, ed. d.1911.",https://search.lib.umich.edu/catalog/record/990012672820106381,https://quod.lib.umich.edu/p/philamer/AFK2830.0001.033
990012672820106381,AFK2830.0001.034,"Blair, Emma Helen, 1851-1911."," Blair, Emma Helen, ed. d.1911.",https://search.lib.umich.edu/catalog/record/990012672820106381,https://quod.lib.umich.edu/p/philamer/AFK2830.0001.034
990012672820106381,AFK2830.0001.035,"Blair, Emma Helen, 1851-1911."," Blair, Emma Helen, ed. d.1911.",https://search.lib.umich.edu/catalog/record/990012672820106381,https://quod.lib.umich.edu/p/philamer/AFK2830.0001.035
990012672820106381,AFK2830.0001.038,"Blair, Emma Helen, 1851-1911."," Blair, Emma Helen, ed. d.1911.",https://search.lib.umich.edu/catalog/record/990012672820106381,https://quod.lib.umich.edu/p/philamer/AFK2830.0001.038
990012672820106381,AFK2830.0001.039,"Blair, Emma Helen, 1851-1911."," Blair, Emma Helen, ed. d.1911.",https://search.lib.umich.edu/catalog/record/990012672820106381,https://quod.lib.umich.edu/p/philamer/AFK2830.0001.039
990012672820106381,AFK2830.0001.004,"Blair, Emma Helen, 1851-1911."," Blair, Emma Helen, ed. d.1911.",https://search.lib.umich.edu/catalog/record/990012672820106381,https://quod.lib.umich.edu/p/philamer/AFK2830.0001.004
990012672820106381,AFK2830.0001.040,"Blair, Emma Helen, 1851-1911."," Blair, Emma Helen, ed. d.1911.",https://search.lib.umich.edu/catalog/record/990012672820106381,https://quod.lib.umich.edu/p/philamer/AFK2830.0001.040
990012672820106381,AFK2830.0001.041,"Blair, Emma Helen, 1851-1911."," Blair, Emma Helen, ed. d.1911.",https://search.lib.umich.edu/catalog/record/990012672820106381,https://quod.lib.umich.edu/p/philamer/AFK2830.0001.041
990012672820106381,AFK2830.0001.042,"Blair, Emma Helen, 1851-1911."," Blair, Emma Helen, ed. d.1911.",https://search.lib.umich.edu/catalog/record/990012672820106381,https://quod.lib.umich.edu/p/philamer/AFK2830.0001.042
990012672820106381,AFK2830.0001.043,"Blair, Emma Helen, 1851-1911."," Blair, Emma Helen, ed. d.1911.",https://search.lib.umich.edu/catalog/record/990012672820106381,https://quod.lib.umich.edu/p/philamer/AFK2830.0001.043
990012672820106381,AFK2830.0001.044,"Blair, Emma Helen, 1851-1911."," Blair, Emma Helen, ed. d.1911.",https://search.lib.umich.edu/catalog/record/990012672820106381,https://quod.lib.umich.edu/p/philamer/AFK2830.0001.044
990012672820106381,AFK2830.0001.045,"Blair, Emma Helen, 1851-1911."," Blair, Emma Helen, ed. d.1911.",https://search.lib.umich.edu/catalog/record/990012672820106381,https://quod.lib.umich.edu/p/philamer/AFK2830.0001.045
990012672820106381,AFK2830.0001.046,"Blair, Emma Helen, 1851-1911."," Blair, Emma Helen, ed. d.1911.",https://search.lib.umich.edu/catalog/record/990012672820106381,https://quod.lib.umich.edu/p/philamer/AFK2830.0001.046
990012672820106381,AFK2830.0001.047,"Blair, Emma Helen, 1851-1911."," Blair, Emma Helen, ed. d.1911.",https://search.lib.umich.edu/catalog/record/990012672820106381,https://quod.lib.umich.edu/p/philamer/AFK2830.0001.047
990012672820106381,AFK2830.0001.048,"Blair, Emma Helen, 1851-1911."," Blair, Emma Helen, ed. d.1911.",https://search.lib.umich.edu/catalog/record/990012672820106381,https://quod.lib.umich.edu/p/philamer/AFK2830.0001.048
990012672820106381,AFK2830.0001.049,"Blair, Emma Helen, 1851-1911."," Blair, Emma Helen, ed. d.1911.",https://search.lib.umich.edu/catalog/record/990012672820106381,https://quod.lib.umich.edu/p/philamer/AFK2830.0001.049
990012672820106381,AFK2830.0001.005,"Blair, Emma Helen, 1851-1911."," Blair, Emma Helen, ed. d.1911.",https://search.lib.umich.edu/catalog/record/990012672820106381,https://quod.lib.umich.edu/p/philamer/AFK2830.0001.005
990012672820106381,AFK2830.0001.050,"Blair, Emma Helen, 1851-1911."," Blair, Emma Helen, ed. d.1911.",https://search.lib.umich.edu/catalog/record/990012672820106381,https://quod.lib.umich.edu/p/philamer/AFK2830.0001.050
990012672820106381,AFK2830.0001.051,"Blair, Emma Helen, 1851-1911."," Blair, Emma Helen, ed. d.1911.",https://search.lib.umich.edu/catalog/record/990012672820106381,https://quod.lib.umich.edu/p/philamer/AFK2830.0001.051
990012672820106381,AFK2830.0001.052,"Blair, Emma Helen, 1851-1911."," Blair, Emma Helen, ed. d.1911.",https://search.lib.umich.edu/catalog/record/990012672820106381,https://quod.lib.umich.edu/p/philamer/AFK2830.0001.052
990012672820106381,AFK2830.0001.053,"Blair, Emma Helen, 1851-1911."," Blair, Emma Helen, ed. d.1911.",https://search.lib.umich.edu/catalog/record/990012672820106381,https://quod.lib.umich.edu/p/philamer/AFK2830.0001.053
990012672820106381,AFK2830.0001.054,"Blair, Emma Helen, 1851-1911."," Blair, Emma Helen, ed. d.1911.",https://search.lib.umich.edu/catalog/record/990012672820106381,https://quod.lib.umich.edu/p/philamer/AFK2830.0001.054
990012672820106381,AFK2830.0001.055,"Blair, Emma Helen, 1851-1911."," Blair, Emma Helen, ed. d.1911.",https://search.lib.umich.edu/catalog/record/990012672820106381,https://quod.lib.umich.edu/p/philamer/AFK2830.0001.055
990012672820106381,AFK2830.0001.006,"Blair, Emma Helen, 1851-1911."," Blair, Emma Helen, ed. d.1911.",https://search.lib.umich.edu/catalog/record/990012672820106381,https://quod.lib.umich.edu/p/philamer/AFK2830.0001.006
990012672820106381,AFK2830.0001.007,"Blair, Emma Helen, 1851-1911."," Blair, Emma Helen, ed. d.1911.",https://search.lib.umich.edu/catalog/record/990012672820106381,https://quod.lib.umich.edu/p/philamer/AFK2830.0001.007
990012672820106381,AFK2830.0001.008,"Blair, Emma Helen, 1851-1911."," Blair, Emma Helen, ed. d.1911.",https://search.lib.umich.edu/catalog/record/990012672820106381,https://quod.lib.umich.edu/p/philamer/AFK2830.0001.008
990012672820106381,AFK2830.0001.009,"Blair, Emma Helen, 1851-1911."," Blair, Emma Helen, ed. d.1911.",https://search.lib.umich.edu/catalog/record/990012672820106381,https://quod.lib.umich.edu/p/philamer/AFK2830.0001.009
990012672820106381,AFK2830.0001.036,"Blair, Emma Helen, 1851-1911."," Blair, Emma Helen, ed. d.1911.",https://search.lib.umich.edu/catalog/record/990012672820106381,https://quod.lib.umich.edu/p/philamer/AFK2830.0001.036
990012672820106381,AFK2830.0001.037,"Blair, Emma Helen, 1851-1911."," Blair, Emma Helen, ed. d.1911.",https://search.lib.umich.edu/catalog/record/990012672820106381,https://quod.lib.umich.edu/p/philamer/AFK2830.0001.037
990012567850106381,AFJ2129.0001.001,"Bowring, John, 1792-1872."," Bowring, John, Sir, 1792-1872.",https://search.lib.umich.edu/catalog/record/990012567850106381,https://quod.lib.umich.edu/p/philamer/AFJ2129.0001.001
990030579770106381,ARB8045.0001.001,"Bowring, John, 1792-1872."," Bowring, John, Sir, 1792-1872.",https://search.lib.umich.edu/catalog/record/990030579770106381,https://quod.lib.umich.edu/p/philamer/ARB8045.0001.001
990005800710106381,ACM1383.0001.001,"Bride, Ch. (Charles)"," Bride, Charles Louis Marie, 1859-",https://search.lib.umich.edu/catalog/record/990005800710106381,https://quod.lib.umich.edu/p/philamer/ACM1383.0001.001
990008535780106381,ADR0460.0001.001,"Brown, William Henry, 1884-"," Brown, William Henry, ed. 1884-",https://search.lib.umich.edu/catalog/record/990008535780106381,https://quod.lib.umich.edu/p/philamer/ADR0460.0001.001
990008535780106381,ADR0460.0001.002,"Brown, William Henry, 1884-"," Brown, William Henry, ed. 1884-",https://search.lib.umich.edu/catalog/record/990008535780106381,https://quod.lib.umich.edu/p/philamer/ADR0460.0001.002
990008535780106381,ADR0460.0001.003,"Brown, William Henry, 1884-"," Brown, William Henry, ed. 1884-",https://search.lib.umich.edu/catalog/record/990008535780106381,https://quod.lib.umich.edu/p/philamer/ADR0460.0001.003
990012612770106381,AFJ6709.0001.001,"Burnett, Charles C."," [Burnett, Charles C.]",https://search.lib.umich.edu/catalog/record/990012612770106381,https://quod.lib.umich.edu/p/philamer/AFJ6709.0001.001
990029130230106381,AQJ5842.0001.001,"Buyser, Fernando A. (Fernando Aquino)"," Buyser, Fernando A. (Fernando Aquino).",https://search.lib.umich.edu/catalog/record/990029130230106381,https://quod.lib.umich.edu/p/philamer/AQJ5842.0001.001
990029130170106381,AQJ5836.0001.001,"Buyser, Fernando A. (Fernando Aquino)"," Buyser, Fernando A., (Fernando Aquino).",https://search.lib.umich.edu/catalog/record/990029130170106381,https://quod.lib.umich.edu/p/philamer/AQJ5836.0001.001
990029130240106381,AQJ5843.0001.001,"Buyser, Fernando A. (Fernando Aquino)"," Buyser, Fernando A., (Fernando Aquino).",https://search.lib.umich.edu/catalog/record/990029130240106381,https://quod.lib.umich.edu/p/philamer/AQJ5843.0001.001
990014473580106381,AGD8709.0001.001,"Caldwell, Robert Granville, 1882-"," Caldwell, Robert Granville, b. 1882.",https://search.lib.umich.edu/catalog/record/990014473580106381,https://quod.lib.umich.edu/p/philamer/AGD8709.0001.001
990001514760106381,AAR5508.0001.001,"Carreon, Manuel L."," Carreon, Manuel Lingad",https://search.lib.umich.edu/catalog/record/990001514760106381,https://quod.lib.umich.edu/p/philamer/AAR5508.0001.001
990020517990106381,AJU9868.0001.001,"Chávez Orozco, Luis, 1901-1966 comp."," Chávez Orozco, Luis, comp. 1901-1966.",https://search.lib.umich.edu/catalog/record/990020517990106381,https://quod.lib.umich.edu/p/philamer/AJU9868.0001.001
990001479730106381,AAR1959.0001.001,"Chamberlin, Frederick, 1870-1943."," Chamberlin, Frederick Carleton, 1870-",https://search.lib.umich.edu/catalog/record/990001479730106381,https://quod.lib.umich.edu/p/philamer/AAR1959.0001.001
990012569870106381,AFJ2333.0001.001,"Chamberlin, Frederick, 1870-1943."," Chamberlin, Frederick Carleton, 1870-",https://search.lib.umich.edu/catalog/record/990012569870106381,https://quod.lib.umich.edu/p/philamer/AFJ2333.0001.001
990016352030106381,AGZ2505.0001.025,"Christensen, Carl, 1872-1942."," Christensen, Carl Frederik Albert, 1872-",https://search.lib.umich.edu/catalog/record/990016352030106381,https://quod.lib.umich.edu/p/philamer/AGZ2505.0001.025
990035278700106381,ATF7596.0001.001,"Clapp, W. C. (Walter Clayton), -1915."," Clapp, W. C. (Walter Clayton), d. 1915.",https://search.lib.umich.edu/catalog/record/990035278700106381,https://quod.lib.umich.edu/p/philamer/ATF7596.0001.001
990016220350106381,AGX8055.0001.001,"Clark, Edward B. (Edward Brayton), 1860-"," Clark, Edward B. (Edward Brayton), b. 1860.",https://search.lib.umich.edu/catalog/record/990016220350106381,https://quod.lib.umich.edu/p/philamer/AGX8055.0001.001
990014463600106381,AGD7685.0001.001,,Congreso de historia y geografía hispano-americanas.,https://search.lib.umich.edu/catalog/record/990014463600106381,https://quod.lib.umich.edu/p/philamer/AGD7685.0001.001
990012711290106381,AFK6772.0001.001,"Corney, Peter, -1836."," Corney, Peter, d. 1836.",https://search.lib.umich.edu/catalog/record/990012711290106381,https://quod.lib.umich.edu/p/philamer/AFK6772.0001.001
990015488990106381,AGQ3108.0001.001,"Coulter, John G. (John Gaylord), 1876-"," Coulter, John G. (John Gaylord), b. 1876.",https://search.lib.umich.edu/catalog/record/990015488990106381,https://quod.lib.umich.edu/p/philamer/AGQ3108.0001.001
990003957550106381,ABS3991.0001.001,"Crosby, Ernest, 1856-1907."," Crosby, Ernest Howard, 1856-1907.",https://search.lib.umich.edu/catalog/record/990003957550106381,https://quod.lib.umich.edu/p/philamer/ABS3991.0001.001
990019374940106381,AJG9012.0001.001,"Damon, Ethel M. (Ethel Moseley), 1883-1965."," Damon, Ethel M. ed. (Ethel Moseley), 1883-1965,",https://search.lib.umich.edu/catalog/record/990019374940106381,https://quod.lib.umich.edu/p/philamer/AJG9012.0001.001
990002383570106381,ABA3864.0001.001,"Deering, Mabel Craft, 1872-"," Deering, Mabel Clare (Craft) Mrs., 1872-",https://search.lib.umich.edu/catalog/record/990002383570106381,https://quod.lib.umich.edu/p/philamer/ABA3864.0001.001
990014907670106381,AGJ3652.0001.001,"Dickerson, Roy E. (Roy Ernest), 1877-"," Dickerson, Roy E. (Roy Ernest), b. 1877.",https://search.lib.umich.edu/catalog/record/990014907670106381,https://quod.lib.umich.edu/p/philamer/AGJ3652.0001.001
990016352280106381,AGZ2530.0001.054,"Dickey, Lyle A. (Lyle Alexander), 1868-"," Dickey, Lyle A. (Lyle Alexander), b. 1868.",https://search.lib.umich.edu/catalog/record/990016352280106381,https://quod.lib.umich.edu/p/philamer/AGZ2530.0001.054
990004643330106381,ABZ3611.0001.001,"Dodge, Grenville M., 1831-1916."," Dodge, Grenville Mellen, 1831-1916.",https://search.lib.umich.edu/catalog/record/990004643330106381,https://quod.lib.umich.edu/p/philamer/ABZ3611.0001.001
990008777110106381,ADT4871.0001.001,"Doherty, David Jessup, 1850-1908."," [Doherty, David Jessup] 1850-1908.",https://search.lib.umich.edu/catalog/record/990008777110106381,https://quod.lib.umich.edu/p/philamer/ADT4871.0001.001
990019237820106381,AJF5018.0001.001,"Delbeke, M. Edmunde."," Edmunde Delbeke, Sister",https://search.lib.umich.edu/catalog/record/990019237820106381,https://quod.lib.umich.edu/p/philamer/AJF5018.0001.001
990003153680106381,ABJ2489.0001.001,"Erbach-Erbach, Ernst, Graf zu"," Erbach-Erbach, Ernst, Graf zu.",https://search.lib.umich.edu/catalog/record/990003153680106381,https://quod.lib.umich.edu/p/philamer/ABJ2489.0001.001
990029617630106381,AQP4849.0001.001,"Espina, Miguel A. (Miguel Angel), -1889."," Espina, Miguel A. (Miguel Angel), d. 1889.",https://search.lib.umich.edu/catalog/record/990029617630106381,https://quod.lib.umich.edu/p/philamer/AQP4849.0001.001
990004675580106381,ABZ6895.0001.001,"Everett, Marshall, 1863-1939."," Everett, Marshall, ed. 1863-1939.",https://search.lib.umich.edu/catalog/record/990004675580106381,https://quod.lib.umich.edu/p/philamer/ABZ6895.0001.001
990016411940106381,AGZ9102.0001.001,"Fernández Duro, Cesáreo, 1830-1908 ed."," Fernández Duro, Cesáreo, ed. 1830-1908.",https://search.lib.umich.edu/catalog/record/990016411940106381,https://quod.lib.umich.edu/p/philamer/AGZ9102.0001.001
990018183540106381,AHU5327.0001.001,"Fisher, F. C. (Frederick Charles), 1875-"," Fisher, F. C. (Frederick Charles), b. 1875.",https://search.lib.umich.edu/catalog/record/990018183540106381,https://quod.lib.umich.edu/p/philamer/AHU5327.0001.001
990022070020106381,AKM6701.0001.001,"Fisher, F. C. (Frederick Charles), 1875-"," Fisher, F. C. (Frederick Charles), b. 1875.",https://search.lib.umich.edu/catalog/record/990022070020106381,https://quod.lib.umich.edu/p/philamer/AKM6701.0001.001
990016352010106381,AGZ2503.0022.001,"Fowler, Henry W., 1878-1965."," Fowler, Henry Weed, 1878-1965.",https://search.lib.umich.edu/catalog/record/990016352010106381,https://quod.lib.umich.edu/p/philamer/AGZ2503.0022.001
990016352040106381,AGZ2506.0001.026,"Fowler, Henry W., 1878-1965."," Fowler, Henry Weed, 1878-1965.",https://search.lib.umich.edu/catalog/record/990016352040106381,https://quod.lib.umich.edu/p/philamer/AGZ2506.0001.026
990014472780106381,AGD8627.0001.001,"Furlong, John William, 1869-"," [Furlong, John William], comp. 1869-",https://search.lib.umich.edu/catalog/record/990014472780106381,https://quod.lib.umich.edu/p/philamer/AGD8627.0001.001
990032006270106381,ARS3574.0001.001,"d'Hane Steenhuyse, Charles-François, 1830-1888."," Hane-Steenhuyse, Charles François d', 1830-1888.",https://search.lib.umich.edu/catalog/record/990032006270106381,https://quod.lib.umich.edu/p/philamer/ARS3574.0001.001
990021346950106381,AKE0511.0001.001,Hawaii. Division of Forestry.,"Hawaii, (Ter.) Board of Commissioners of Agriculture and Forestry. Division of Forestry.",https://search.lib.umich.edu/catalog/record/990021346950106381,https://quod.lib.umich.edu/p/philamer/AKE0511.0001.001
990005428580106381,ACH3622.1923.001,Hawaiian Homes Commission.,Hawaii. Hawaiian Homes Commission.,https://search.lib.umich.edu/catalog/record/990005428580106381,https://quod.lib.umich.edu/p/philamer/ACH3622.1923.001
990005428580106381,ACH3622.1927.001,Hawaiian Homes Commission.,Hawaii. Hawaiian Homes Commission.,https://search.lib.umich.edu/catalog/record/990005428580106381,https://quod.lib.umich.edu/p/philamer/ACH3622.1927.001
990005428580106381,ACH3622.1929.001,Hawaiian Homes Commission.,Hawaii. Hawaiian Homes Commission.,https://search.lib.umich.edu/catalog/record/990005428580106381,https://quod.lib.umich.edu/p/philamer/ACH3622.1929.001
990005428580106381,ACH3622.1931.001,Hawaiian Homes Commission.,Hawaii. Hawaiian Homes Commission.,https://search.lib.umich.edu/catalog/record/990005428580106381,https://quod.lib.umich.edu/p/philamer/ACH3622.1931.001
990005428580106381,ACH3622.1935.001,Hawaiian Homes Commission.,Hawaii. Hawaiian Homes Commission.,https://search.lib.umich.edu/catalog/record/990005428580106381,https://quod.lib.umich.edu/p/philamer/ACH3622.1935.001
990005428580106381,ACH3622.1939.001,Hawaiian Homes Commission.,Hawaii. Hawaiian Homes Commission.,https://search.lib.umich.edu/catalog/record/990005428580106381,https://quod.lib.umich.edu/p/philamer/ACH3622.1939.001
990014012530106381,AFZ1341.0001.001,"Hernáez, Francisco Javier, 1816-1876 ed."," Hernáez, Francisco Javier, ed. 1816-1876,",https://search.lib.umich.edu/catalog/record/990014012530106381,https://quod.lib.umich.edu/p/philamer/AFZ1341.0001.001
990014012530106381,AFZ1341.0002.001,"Hernáez, Francisco Javier, 1816-1876 ed."," Hernáez, Francisco Javier, ed. 1816-1876,",https://search.lib.umich.edu/catalog/record/990014012530106381,https://quod.lib.umich.edu/p/philamer/AFZ1341.0002.001
990008775720106381,ADT4730.0001.001,"Herrero, Casimiro, 1824-1886."," Herrero, Casimiro, bp., 1824-1886.",https://search.lib.umich.edu/catalog/record/990008775720106381,https://quod.lib.umich.edu/p/philamer/ADT4730.0001.001
990024318130106381,ALQ8081.1935.001,"Hill, Percy A., -1937."," Hill, Percy A. d. 1937.",https://search.lib.umich.edu/catalog/record/990024318130106381,https://quod.lib.umich.edu/p/philamer/ALQ8081.1935.001
990021909700106381,AKK8734.0001.001,"Hill, Percy A., -1937."," Hill, Percy A., d. 1937.",https://search.lib.umich.edu/catalog/record/990021909700106381,https://quod.lib.umich.edu/p/philamer/AKK8734.0001.001
990006245130106381,ACR6473.0001.001,"Hopper, James, 1876-1956."," Hopper, James Marie, 1876-1956.",https://search.lib.umich.edu/catalog/record/990006245130106381,https://quod.lib.umich.edu/p/philamer/ACR6473.0001.001
990005761190106381,ACL7383.0001.001,"Howland, Harold, 1877-"," Howland, Harold Jacobs, 1877-",https://search.lib.umich.edu/catalog/record/990005761190106381,https://quod.lib.umich.edu/p/philamer/ACL7383.0001.001
990007765580106381,ADH2504.0001.001,"Hurd, Archibald, 1869-1959."," Hurd, Archibald Spicer, 1869-",https://search.lib.umich.edu/catalog/record/990007765580106381,https://quod.lib.umich.edu/p/philamer/ADH2504.0001.001
990029357360106381,AQL8703.0001.001,"Jalandoni, Magdalena G."," Jalandoni, Magdalena Gonzaga.",https://search.lib.umich.edu/catalog/record/990029357360106381,https://quod.lib.umich.edu/p/philamer/AQL8703.0001.001
990029151940106381,AQJ8028.0001.001,"Juanmartí, Jacinto, 1833-1897."," Juanmartí, Jacinto, 18833-1897.",https://search.lib.umich.edu/catalog/record/990029151940106381,https://quod.lib.umich.edu/p/philamer/AQJ8028.0001.001
990018734250106381,AJA1776.0001.001,"Judd, Laura Fish, 1804-1872."," Judd, Laura Fish, Mrs. d. 1873.",https://search.lib.umich.edu/catalog/record/990018734250106381,https://quod.lib.umich.edu/p/philamer/AJA1776.0001.001
990010368380106381,AEK7541.0001.001,"López Prieto, Antonio, 1847-1883."," López Prieto, Antonio, ed. 1847-1883.",https://search.lib.umich.edu/catalog/record/990010368380106381,https://quod.lib.umich.edu/p/philamer/AEK7541.0001.001
990028658760106381,AQA2025.0001.001,"Lisboa, Márcos de, -1628."," Lisboa, Maŕcos de, d.1628.",https://search.lib.umich.edu/catalog/record/990028658760106381,https://quod.lib.umich.edu/p/philamer/AQA2025.0001.001
990018709690106381,AHZ9188.0001.001,"Man, J. de (Jean), 1824-"," Man, J. de (Jean), b. 1824.",https://search.lib.umich.edu/catalog/record/990018709690106381,https://quod.lib.umich.edu/p/philamer/AHZ9188.0001.001
990011708640106381,AEZ5071.0001.001,"Martin, William, chargé d'affaires de Hawaii en France"," Martin, William, chargé d'affaires de Hawaii en France.",https://search.lib.umich.edu/catalog/record/990011708640106381,https://quod.lib.umich.edu/p/philamer/AEZ5071.0001.001
990012568150106381,AFJ2159.0001.001,"Moses, Edith."," Moses, Edith, Mrs.",https://search.lib.umich.edu/catalog/record/990012568150106381,https://quod.lib.umich.edu/p/philamer/AFJ2159.0001.001
990003084880106381,ABH5507.0001.001,"Nellist, George F."," Nellist, George Ferguson Mitchell, ed. 1889-",https://search.lib.umich.edu/catalog/record/990003084880106381,https://quod.lib.umich.edu/p/philamer/ABH5507.0001.001
990029130840106381,AQJ5903.0001.001,"Noceda, Juan José de, 1681-1747."," Noceda, Juan [José] de, 1681-1747.",https://search.lib.umich.edu/catalog/record/990029130840106381,https://quod.lib.umich.edu/p/philamer/AQJ5903.0001.001
990017406650106381,AHL5219.0001.001,"Oliver, Bienvenido, 1836-1912."," Oliver y Esteller, Bienvenido, 1837-1912.",https://search.lib.umich.edu/catalog/record/990017406650106381,https://quod.lib.umich.edu/p/philamer/AHL5219.0001.001
990013597480106381,AFU8648.0001.001,"Zueco de San Joaquín, Ramón, 1828-1889."," Ollendorff, H. G. (Heinrich Gottfried), 1803-1865.",https://search.lib.umich.edu/catalog/record/990013597480106381,https://quod.lib.umich.edu/p/philamer/AFU8648.0001.001
990012606000106381,AFJ6028.0001.001,,Panama-Pacific Historical Congress,https://search.lib.umich.edu/catalog/record/990012606000106381,https://quod.lib.umich.edu/p/philamer/AFJ6028.0001.001
990012205430106381,AFE5412.0001.001,"Parker, William Belmont, 1871-1934."," Parker, William Belmont, ed. 1871-1934.",https://search.lib.umich.edu/catalog/record/990012205430106381,https://quod.lib.umich.edu/p/philamer/AFE5412.0001.001
990008533070106381,ADR0184.0001.001,"Paterno, Pedro Alejandro, 1857-1911."," Paterno, Pedro A. (Pedro Alejandro), 1857-1911.",https://search.lib.umich.edu/catalog/record/990008533070106381,https://quod.lib.umich.edu/p/philamer/ADR0184.0001.001
990012568600106381,AFJ2204.0001.001,"Paterno, Pedro Alejandro, 1857-1911."," Paterno, Pedro A. (Pedro Alejandro), 1857-1911.",https://search.lib.umich.edu/catalog/record/990012568600106381,https://quod.lib.umich.edu/p/philamer/AFJ2204.0001.001
990018711270106381,AHZ9353.0001.001,"Paterno, Pedro Alejandro, 1857-1911."," Paterno, Pedro A. (Pedro Alejandro), 1857-1911.",https://search.lib.umich.edu/catalog/record/990018711270106381,https://quod.lib.umich.edu/p/philamer/AHZ9353.0001.001
990011514140106381,AEX5233.0001.001,"Paterno, Pedro Alejandro, 1857-1911."," Paterno, Pedro A. (Pedro Alejandro), 1857-1911.",https://search.lib.umich.edu/catalog/record/990011514140106381,https://quod.lib.umich.edu/p/philamer/AEX5233.0001.001
990049581670106381,AHZ9207.0001.001,"Paterno, Pedro Alejandro, 1857-1911."," Paterno, Pedro A. (Pedro Alejandro), 1857-1911.",https://search.lib.umich.edu/catalog/record/990049581670106381,https://quod.lib.umich.edu/p/philamer/AHZ9207.0001.001
990018710110106381,AHZ9230.0001.001,"Paterno, Pedro Alejandro, 1857-1911."," Paterno, Pedro A. (Pedro Alejandro), 1857-1911.",https://search.lib.umich.edu/catalog/record/990018710110106381,https://quod.lib.umich.edu/p/philamer/AHZ9230.0001.001
990028759250106381,AQB2150.0001.001,"Paterno, Pedro Alejandro, 1857-1911."," Paterno, Pedro A. (Pedro Alejandro), 1857-1911.",https://search.lib.umich.edu/catalog/record/990028759250106381,https://quod.lib.umich.edu/p/philamer/AQB2150.0001.001
990028759220106381,AQB2147.0001.001,"Paterno, Pedro Alejandro, 1857-1911."," Paterno, Pedro A. (Pedro Alejandro), 1857-1911.",https://search.lib.umich.edu/catalog/record/990028759220106381,https://quod.lib.umich.edu/p/philamer/AQB2147.0001.001
990028759260106381,AQB2151.0001.001,"Paterno, Pedro Alejandro, 1857-1911."," Paterno, Pedro A. (Pedro Alejandro), 1857-1911.",https://search.lib.umich.edu/catalog/record/990028759260106381,https://quod.lib.umich.edu/p/philamer/AQB2151.0001.001
990018710120106381,AHZ9231.0001.001,"Paterno, Pedro Alejandro, 1857-1911."," Paterno, Pedro A. (Pedro Alejandro), 1857-1911.",https://search.lib.umich.edu/catalog/record/990018710120106381,https://quod.lib.umich.edu/p/philamer/AHZ9231.0001.001
990008560060106381,ADR2921.0001.001,"Paterno, Pedro Alejandro, 1857-1911."," Paterno, Pedro A. (Pedro Alejandro), 1857-1911.",https://search.lib.umich.edu/catalog/record/990008560060106381,https://quod.lib.umich.edu/p/philamer/ADR2921.0001.001
990028774010106381,AQB3636.0001.001,"Paterno, Pedro Alejandro, 1857-1911."," Paterno, Pedro A. (Pedro Alejandro), 1857-1911.",https://search.lib.umich.edu/catalog/record/990028774010106381,https://quod.lib.umich.edu/p/philamer/AQB3636.0001.001
990028759240106381,AQB2149.0001.001,"Paterno, Pedro Alejandro, 1857-1911."," Paterno, Pedro A. (Pedro Alejandro), 1857-1911.",https://search.lib.umich.edu/catalog/record/990028759240106381,https://quod.lib.umich.edu/p/philamer/AQB2149.0001.001
990029093440106381,AQJ2106.0001.001,"Perfecto, Mariano, 1858-"," Perfecto, Mariano, b. 1858",https://search.lib.umich.edu/catalog/record/990029093440106381,https://quod.lib.umich.edu/p/philamer/AQJ2106.0001.001
990011687740106381,AEZ2963.0001.001,"Perrier, Joseph Louis, 1874-"," Perrier, Joseph Louis, b. 1874.",https://search.lib.umich.edu/catalog/record/990011687740106381,https://quod.lib.umich.edu/p/philamer/AEZ2963.0001.001
990020292890106381,AJS4843.0001.001,Philippine Nautical School.,"Philippine nautical school, Manila.",https://search.lib.umich.edu/catalog/record/990020292890106381,https://quod.lib.umich.edu/p/philamer/AJS4843.0001.001
990006794670106381,AJM6317.0015.001,,Philippines.,https://search.lib.umich.edu/catalog/record/990006794670106381,https://quod.lib.umich.edu/p/philamer/AJM6317.0015.001
990006794670106381,AJM6317.0016.001,,Philippines.,https://search.lib.umich.edu/catalog/record/990006794670106381,https://quod.lib.umich.edu/p/philamer/AJM6317.0016.001
990006794670106381,AJM6317.0017.001,,Philippines.,https://search.lib.umich.edu/catalog/record/990006794670106381,https://quod.lib.umich.edu/p/philamer/AJM6317.0017.001
990006794670106381,AJM6317.0018.001,,Philippines.,https://search.lib.umich.edu/catalog/record/990006794670106381,https://quod.lib.umich.edu/p/philamer/AJM6317.0018.001
990006794670106381,AJM6317.0019.001,,Philippines.,https://search.lib.umich.edu/catalog/record/990006794670106381,https://quod.lib.umich.edu/p/philamer/AJM6317.0019.001
990006794670106381,AJM6317.0020.001,,Philippines.,https://search.lib.umich.edu/catalog/record/990006794670106381,https://quod.lib.umich.edu/p/philamer/AJM6317.0020.001
990006794670106381,AJM6317.0021.001,,Philippines.,https://search.lib.umich.edu/catalog/record/990006794670106381,https://quod.lib.umich.edu/p/philamer/AJM6317.0021.001
990006794670106381,AJM6317.0022.001,,Philippines.,https://search.lib.umich.edu/catalog/record/990006794670106381,https://quod.lib.umich.edu/p/philamer/AJM6317.0022.001
990006794670106381,AJM6317.0023.001,,Philippines.,https://search.lib.umich.edu/catalog/record/990006794670106381,https://quod.lib.umich.edu/p/philamer/AJM6317.0023.001
990006794670106381,AJM6317.0024.001,,Philippines.,https://search.lib.umich.edu/catalog/record/990006794670106381,https://quod.lib.umich.edu/p/philamer/AJM6317.0024.001
990006794670106381,AJM6317.0025.001,,Philippines.,https://search.lib.umich.edu/catalog/record/990006794670106381,https://quod.lib.umich.edu/p/philamer/AJM6317.0025.001
990006794670106381,AJM6317.0026.001,,Philippines.,https://search.lib.umich.edu/catalog/record/990006794670106381,https://quod.lib.umich.edu/p/philamer/AJM6317.0026.001
990006794670106381,AJM6317.0027.001,,Philippines.,https://search.lib.umich.edu/catalog/record/990006794670106381,https://quod.lib.umich.edu/p/philamer/AJM6317.0027.001
990006794670106381,AJM6317.0028.001,,Philippines.,https://search.lib.umich.edu/catalog/record/990006794670106381,https://quod.lib.umich.edu/p/philamer/AJM6317.0028.001
990006794670106381,AJM6317.0029.001,,Philippines.,https://search.lib.umich.edu/catalog/record/990006794670106381,https://quod.lib.umich.edu/p/philamer/AJM6317.0029.001
990006794670106381,AJM6317.0030.001,,Philippines.,https://search.lib.umich.edu/catalog/record/990006794670106381,https://quod.lib.umich.edu/p/philamer/AJM6317.0030.001
990006794670106381,AJM6317.0031.001,,Philippines.,https://search.lib.umich.edu/catalog/record/990006794670106381,https://quod.lib.umich.edu/p/philamer/AJM6317.0031.001
990006794670106381,AJM6317.0032.001,,Philippines.,https://search.lib.umich.edu/catalog/record/990006794670106381,https://quod.lib.umich.edu/p/philamer/AJM6317.0032.001
990006794670106381,AJM6317.0033.001,,Philippines.,https://search.lib.umich.edu/catalog/record/990006794670106381,https://quod.lib.umich.edu/p/philamer/AJM6317.0033.001
990006794670106381,AJM6317.0034.001,,Philippines.,https://search.lib.umich.edu/catalog/record/990006794670106381,https://quod.lib.umich.edu/p/philamer/AJM6317.0034.001
990006794670106381,AJM6317.0035.001,,Philippines.,https://search.lib.umich.edu/catalog/record/990006794670106381,https://quod.lib.umich.edu/p/philamer/AJM6317.0035.001
990006794670106381,AJM6317.0036.001,,Philippines.,https://search.lib.umich.edu/catalog/record/990006794670106381,https://quod.lib.umich.edu/p/philamer/AJM6317.0036.001
990042350490106381,BBN0287.0001.001,Philippines Bureau of Printing., Philippines. Bureau of Printing.,https://search.lib.umich.edu/catalog/record/990042350490106381,https://quod.lib.umich.edu/p/philamer/BBN0287.0001.001
990005212420106381,ACF1532.1900.001,Philippines. Board of Health.,Philippines. Bureau of Public Health.,https://search.lib.umich.edu/catalog/record/990005212420106381,https://quod.lib.umich.edu/p/philamer/ACF1532.1900.001
990005212420106381,ACF1532.1905.009,Philippines. Board of Health.,Philippines. Bureau of Public Health.,https://search.lib.umich.edu/catalog/record/990005212420106381,https://quod.lib.umich.edu/p/philamer/ACF1532.1905.009
990005212420106381,ACF1532.1910.001,Philippines. Board of Health.,Philippines. Bureau of Public Health.,https://search.lib.umich.edu/catalog/record/990005212420106381,https://quod.lib.umich.edu/p/philamer/ACF1532.1910.001
990005212420106381,ACF1532.1915.001,Philippines. Board of Health.,Philippines. Bureau of Public Health.,https://search.lib.umich.edu/catalog/record/990005212420106381,https://quod.lib.umich.edu/p/philamer/ACF1532.1915.001
990005212420106381,ACF1532.1918.001,Philippines. Board of Health.,Philippines. Bureau of Public Health.,https://search.lib.umich.edu/catalog/record/990005212420106381,https://quod.lib.umich.edu/p/philamer/ACF1532.1918.001
990012567760106381,AFJ2120.0001.001,Philippines. Exposition Board.,Philippines. Louisiana purchase exposition board.,https://search.lib.umich.edu/catalog/record/990012567760106381,https://quod.lib.umich.edu/p/philamer/AFJ2120.0001.001
990042350500106381,BBN0288.0001.001,Philippines Mining Bureau., Philippines. Mining Bureau.,https://search.lib.umich.edu/catalog/record/990042350500106381,https://quod.lib.umich.edu/p/philamer/BBN0288.0001.001
990014473670106381,AGD8718.0001.001,"García de Polavieja y del Castillo, Camilo, 1838-1914."," Polavieja, Camilo García de Polavieja y del Castillo, marqués de, 1838-1914.",https://search.lib.umich.edu/catalog/record/990014473670106381,https://quod.lib.umich.edu/p/philamer/AGD8718.0001.001
990027518260106381,APL0138.0001.001,"Porter, R. S. (Ralph Stribling), 1876-"," Porter, R. S. (Ralph Stribling), b. 1876.",https://search.lib.umich.edu/catalog/record/990027518260106381,https://quod.lib.umich.edu/p/philamer/APL0138.0001.001
990011005970106381,AES2326.0001.001,"Raymond-Whitcomb, Inc.",Raymond & Whitcomb company.,https://search.lib.umich.edu/catalog/record/990011005970106381,https://quod.lib.umich.edu/p/philamer/AES2326.0001.001
990012613660106381,AFJ6799.0001.001,"Richards, William, 1793-1847."," [Richards, William], 1793-1847.",https://search.lib.umich.edu/catalog/record/990012613660106381,https://quod.lib.umich.edu/p/philamer/AFJ6799.0001.001
990003096900106381,ABH6726.0001.001,"Rinne, Friedrich, 1863-1933."," Rinne, Friedrich Wilhelm Berthold, 1863-1933.",https://search.lib.umich.edu/catalog/record/990003096900106381,https://quod.lib.umich.edu/p/philamer/ABH6726.0001.001
990018711970106381,AHZ9424.0001.001,"Robb, Walter, 1880-"," Robb, Walter Johnson, 1880-",https://search.lib.umich.edu/catalog/record/990018711970106381,https://quod.lib.umich.edu/p/philamer/AHZ9424.0001.001
990043781880106381,ABA4816.0001.001,"Rowan, Andrew Summers."," Rowan, Andrew Summers, 1857-",https://search.lib.umich.edu/catalog/record/990043781880106381,https://quod.lib.umich.edu/p/philamer/ABA4816.0001.001
990020390280106381,AJT5952.0001.001,"Salas y Rodriguez, Francisco Javier de, d. 1890."," [Salas y Rodriguez, Francisco Javier de] ed. d. 1890,",https://search.lib.umich.edu/catalog/record/990020390280106381,https://quod.lib.umich.edu/p/philamer/AJT5952.0001.001
990020390280106381,AJT5952.0003.001,"Salas y Rodriguez, Francisco Javier de, d. 1890."," [Salas y Rodriguez, Francisco Javier de] ed. d. 1890,",https://search.lib.umich.edu/catalog/record/990020390280106381,https://quod.lib.umich.edu/p/philamer/AJT5952.0003.001
990002791260106381,ABE5500.0001.001,"Salazar, Salvador, 1892-1950."," Salazar y Roig, Salvador, 1892-",https://search.lib.umich.edu/catalog/record/990002791260106381,https://quod.lib.umich.edu/p/philamer/ABE5500.0001.001
990035278680106381,ATF7594.0001.001,"Saleeby, Najeeb M. (Najeeb Mitry), 1870-"," Saleeby, Najeeb M. (Najeeb Mitry), b. 1870.",https://search.lib.umich.edu/catalog/record/990035278680106381,https://quod.lib.umich.edu/p/philamer/ATF7594.0001.001
990042336450106381,BBM8817.0001.001,"Saleeby, Najeeb M. (Najeeb Mitry), 1870-"," Saleeby, Najeeb M. (Najeeb Mitry), b. 1870.",https://search.lib.umich.edu/catalog/record/990042336450106381,https://quod.lib.umich.edu/p/philamer/BBM8817.0001.001
990012568560106381,AFJ2200.0001.001,"Saleeby, Najeeb M. (Najeeb Mitry), 1870-"," Saleeby, Najeeb M. (Najeeb Mitry), b. 1870.",https://search.lib.umich.edu/catalog/record/990012568560106381,https://quod.lib.umich.edu/p/philamer/AFJ2200.0001.001
990035278670106381,ATF7593.0001.001,"Saleeby, Najeeb M. (Najeeb Mitry), 1870-"," Saleeby, Najeeb M. (Najeeb Mitry), b. 1870.",https://search.lib.umich.edu/catalog/record/990035278670106381,https://quod.lib.umich.edu/p/philamer/ATF7593.0001.001
990013195050106381,AFQ6776.0001.001,"Sancianco y Goson, Gregorio, -1892."," Sancianco y Goson, Gregorio, d. 1892.",https://search.lib.umich.edu/catalog/record/990013195050106381,https://quod.lib.umich.edu/p/philamer/AFQ6776.0001.001
990042335710106381,BBM8742.0001.001,"Sancianco y Goson, Gregorio, -1892."," Sancianco y Goson, Gregorio, d. 1892.",https://search.lib.umich.edu/catalog/record/990042335710106381,https://quod.lib.umich.edu/p/philamer/BBM8742.0001.001
990012571000106381,AFJ2446.0001.001,"Sastrón, Manuel, -1919."," Sastrón, Manuel, d 1919.",https://search.lib.umich.edu/catalog/record/990012571000106381,https://quod.lib.umich.edu/p/philamer/AFJ2446.0001.001
990002018150106381,AAW6643.0001.001,"Sauvin, Georges, 1858-"," Sauvin, Georges, b. 1858.",https://search.lib.umich.edu/catalog/record/990002018150106381,https://quod.lib.umich.edu/p/philamer/AAW6643.0001.001
990014992080106381,AGK2408.0001.001,"Sharp, David, 1840-1922 ed."," Sharp, David, ed. 1840-1922.",https://search.lib.umich.edu/catalog/record/990014992080106381,https://quod.lib.umich.edu/p/philamer/AGK2408.0001.001
990014992080106381,AGK2408.0001.002,"Sharp, David, 1840-1922 ed."," Sharp, David, ed. 1840-1922.",https://search.lib.umich.edu/catalog/record/990014992080106381,https://quod.lib.umich.edu/p/philamer/AGK2408.0001.002
990014992080106381,AGK2408.0001.003,"Sharp, David, 1840-1922 ed."," Sharp, David, ed. 1840-1922.",https://search.lib.umich.edu/catalog/record/990014992080106381,https://quod.lib.umich.edu/p/philamer/AGK2408.0001.003
990014992080106381,AGK2408.0001.004,"Sharp, David, 1840-1922 ed."," Sharp, David, ed. 1840-1922.",https://search.lib.umich.edu/catalog/record/990014992080106381,https://quod.lib.umich.edu/p/philamer/AGK2408.0001.004
990014992080106381,AGK2408.0001.005,"Sharp, David, 1840-1922 ed."," Sharp, David, ed. 1840-1922.",https://search.lib.umich.edu/catalog/record/990014992080106381,https://quod.lib.umich.edu/p/philamer/AGK2408.0001.005
990014992080106381,AGK2408.0001.006,"Sharp, David, 1840-1922 ed."," Sharp, David, ed. 1840-1922.",https://search.lib.umich.edu/catalog/record/990014992080106381,https://quod.lib.umich.edu/p/philamer/AGK2408.0001.006
990014992080106381,AGK2408.0002.001,"Sharp, David, 1840-1922 ed."," Sharp, David, ed. 1840-1922.",https://search.lib.umich.edu/catalog/record/990014992080106381,https://quod.lib.umich.edu/p/philamer/AGK2408.0002.001
990014992080106381,AGK2408.0002.002,"Sharp, David, 1840-1922 ed."," Sharp, David, ed. 1840-1922.",https://search.lib.umich.edu/catalog/record/990014992080106381,https://quod.lib.umich.edu/p/philamer/AGK2408.0002.002
990014992080106381,AGK2408.0002.003,"Sharp, David, 1840-1922 ed."," Sharp, David, ed. 1840-1922.",https://search.lib.umich.edu/catalog/record/990014992080106381,https://quod.lib.umich.edu/p/philamer/AGK2408.0002.003
990014992080106381,AGK2408.0002.004,"Sharp, David, 1840-1922 ed."," Sharp, David, ed. 1840-1922.",https://search.lib.umich.edu/catalog/record/990014992080106381,https://quod.lib.umich.edu/p/philamer/AGK2408.0002.004
990014992080106381,AGK2408.0002.006,"Sharp, David, 1840-1922 ed."," Sharp, David, ed. 1840-1922.",https://search.lib.umich.edu/catalog/record/990014992080106381,https://quod.lib.umich.edu/p/philamer/AGK2408.0002.006
990014992080106381,AGK2408.0003.001,"Sharp, David, 1840-1922 ed."," Sharp, David, ed. 1840-1922.",https://search.lib.umich.edu/catalog/record/990014992080106381,https://quod.lib.umich.edu/p/philamer/AGK2408.0003.001
990014992080106381,AGK2408.0003.002,"Sharp, David, 1840-1922 ed."," Sharp, David, ed. 1840-1922.",https://search.lib.umich.edu/catalog/record/990014992080106381,https://quod.lib.umich.edu/p/philamer/AGK2408.0003.002
990014992080106381,AGK2408.0003.003,"Sharp, David, 1840-1922 ed."," Sharp, David, ed. 1840-1922.",https://search.lib.umich.edu/catalog/record/990014992080106381,https://quod.lib.umich.edu/p/philamer/AGK2408.0003.003
990014992080106381,AGK2408.0003.004,"Sharp, David, 1840-1922 ed."," Sharp, David, ed. 1840-1922.",https://search.lib.umich.edu/catalog/record/990014992080106381,https://quod.lib.umich.edu/p/philamer/AGK2408.0003.004
990014992080106381,AGK2408.0003.005,"Sharp, David, 1840-1922 ed."," Sharp, David, ed. 1840-1922.",https://search.lib.umich.edu/catalog/record/990014992080106381,https://quod.lib.umich.edu/p/philamer/AGK2408.0003.005
990014992080106381,AGK2408.0003.006,"Sharp, David, 1840-1922 ed."," Sharp, David, ed. 1840-1922.",https://search.lib.umich.edu/catalog/record/990014992080106381,https://quod.lib.umich.edu/p/philamer/AGK2408.0003.006
990014992080106381,AGK2408.0002.005,"Sharp, David, 1840-1922 ed."," Sharp, David, ed. 1840-1922.",https://search.lib.umich.edu/catalog/record/990014992080106381,https://quod.lib.umich.edu/p/philamer/AGK2408.0002.005
990013237080106381,AFR1066.0001.001,"Spaulding, Thomas M. (Thomas Marshall), 1882-"," Spaulding, Thomas M. (Thomas Marshall), b. 1882.",https://search.lib.umich.edu/catalog/record/990013237080106381,https://quod.lib.umich.edu/p/philamer/AFR1066.0001.001
990013237080106381,AFR1066.0001.012,"Spaulding, Thomas M. (Thomas Marshall), 1882-"," Spaulding, Thomas M. (Thomas Marshall), b. 1882.",https://search.lib.umich.edu/catalog/record/990013237080106381,https://quod.lib.umich.edu/p/philamer/AFR1066.0001.012
990013237080106381,AFR1066.0001.002,"Spaulding, Thomas M. (Thomas Marshall), 1882-"," Spaulding, Thomas M. (Thomas Marshall), b. 1882.",https://search.lib.umich.edu/catalog/record/990013237080106381,https://quod.lib.umich.edu/p/philamer/AFR1066.0001.002
990010141660106381,AEH3478.0001.001,"Starr, Frederick, 1858-1933."," Starr, Frederick, ed. 1858-1933.",https://search.lib.umich.edu/catalog/record/990010141660106381,https://quod.lib.umich.edu/p/philamer/AEH3478.0001.001
990004655710106381,ABZ4883.0001.001,"Stringham, Joseph S."," Stringham, Joseph Strong, 1870-",https://search.lib.umich.edu/catalog/record/990004655710106381,https://quod.lib.umich.edu/p/philamer/ABZ4883.0001.001
990018734570106381,AJA1809.0001.001,"Taylor, Albert Pierce, 1872-1931."," [Taylor, Albert Pierce] comp. 1872-",https://search.lib.umich.edu/catalog/record/990018734570106381,https://quod.lib.umich.edu/p/philamer/AJA1809.0001.001
990018734060106381,AJA1755.0001.001,"Thurston, Lorrin A. (Lorrin Andrews), 1858-1931 ed."," Thurston, Lorrin A. ed. (Lorrin Andrews), 1858-1931,",https://search.lib.umich.edu/catalog/record/990018734060106381,https://quod.lib.umich.edu/p/philamer/AJA1755.0001.001
990002793300106381,ABE5705.0001.001,"Torriente, Cosme de la, 1872-"," Torriente y Peraza, Cosme de la, 1872-",https://search.lib.umich.edu/catalog/record/990002793300106381,https://quod.lib.umich.edu/p/philamer/ABE5705.0001.001
990011531340106381,AEX6993.0001.001,"Torriente, Cosme de la, 1872-"," Torriente y Peraza, Cosme de la, 1872-",https://search.lib.umich.edu/catalog/record/990011531340106381,https://quod.lib.umich.edu/p/philamer/AEX6993.0001.001
990011532020106381,AEX7064.0001.001,"Torriente, Cosme de la, 1872-"," Torriente y Peraza, Cosme de la, 1872-",https://search.lib.umich.edu/catalog/record/990011532020106381,https://quod.lib.umich.edu/p/philamer/AEX7064.0001.001
990017500520106381,AHM5466.0001.001,"Torriente, Cosme de la, 1872-"," Torriente, Cosme de la, b. 1872.",https://search.lib.umich.edu/catalog/record/990017500520106381,https://quod.lib.umich.edu/p/philamer/AHM5466.0001.001
990020463270106381,AJU4002.0178.001,"Torriente, Cosme de la, 1872-"," Torriente, Cosme de la, b. 1872.",https://search.lib.umich.edu/catalog/record/990020463270106381,https://quod.lib.umich.edu/p/philamer/AJU4002.0178.001
990017557550106381,AHN1319.0001.001,"Torriente, Cosme de la, 1872-"," Torriente, Cosme de la, b. 1872.",https://search.lib.umich.edu/catalog/record/990017557550106381,https://quod.lib.umich.edu/p/philamer/AHN1319.0001.001
990012613860106381,AFJ6819.0001.001,"Towse, Ed, 1867-"," [Towse, Ed], 1867-",https://search.lib.umich.edu/catalog/record/990012613860106381,https://quod.lib.umich.edu/p/philamer/AFJ6819.0001.001
990004675280106381,ABZ6863.0001.001,United States. Navy. Court of Inquiry (Maine (Battleship) : 1898).,United States. Naval court of inquiry upon destruction of battleship Maine.,https://search.lib.umich.edu/catalog/record/990004675280106381,https://quod.lib.umich.edu/p/philamer/ABZ6863.0001.001
990033436150106381,ASK1020.0001.001,University of the State of New York. Visual Instruction Division.,University of the State of New York. Division of Visual Instruction.,https://search.lib.umich.edu/catalog/record/990033436150106381,https://quod.lib.umich.edu/p/philamer/ASK1020.0001.001
990002395500106381,ABA5078.0001.001,"Valverde, Antonio L., 1867-"," Valverde y Maruri, Antonio L., 1867-",https://search.lib.umich.edu/catalog/record/990002395500106381,https://quod.lib.umich.edu/p/philamer/ABA5078.0001.001
990012713970106381,AFK7042.0001.001,"Van Denburgh, Elizabeth Douglas Turrill."," Van Denburgh, Elizabeth Douglas (Turrill), Mrs.",https://search.lib.umich.edu/catalog/record/990012713970106381,https://quod.lib.umich.edu/p/philamer/AFK7042.0001.001
990006245260106381,ACR6486.0001.001,"Veyra, Jaime C. de (Jaime Carlos), 1873-"," Veyra, Jaime C. de (Jaime Carlos de), 1873-",https://search.lib.umich.edu/catalog/record/990006245260106381,https://quod.lib.umich.edu/p/philamer/ACR6486.0001.001
990006245260106381,ACR6486.0002.001,"Veyra, Jaime C. de (Jaime Carlos), 1873-"," Veyra, Jaime C. de (Jaime Carlos de), 1873-",https://search.lib.umich.edu/catalog/record/990006245260106381,https://quod.lib.umich.edu/p/philamer/ACR6486.0002.001
990016766150106381,AHD8465.0001.001,"Virchow, Rudolf, 1821-1902."," Virchow, Rudolf Ludwig Karl, 1821-1902.",https://search.lib.umich.edu/catalog/record/990016766150106381,https://quod.lib.umich.edu/p/philamer/AHD8465.0001.001
990003303080106381,ABK7602.0001.001,"United States Virgin Islands. Governor, 1927- (Waldo Evans)","Virgin Islands of the United States. Governor, 1927- (Waldo Evans)",https://search.lib.umich.edu/catalog/record/990003303080106381,https://quod.lib.umich.edu/p/philamer/ABK7602.0001.001
990027929150106381,APS8651.0001.001,"Voorhoeve, Peter."," Voorhoeve, Petrus.",https://search.lib.umich.edu/catalog/record/990027929150106381,https://quod.lib.umich.edu/p/philamer/APS8651.0001.001
990017378600106381,AHL2214.0001.001,Wise and Company.,"Wise and co., inc., Manila.",https://search.lib.umich.edu/catalog/record/990017378600106381,https://quod.lib.umich.edu/p/philamer/AHL2214.0001.001
990002780930106381,ABE4449.0001.001,"Zamacois, Eduardo, 1873-"," Zamacois, Eduardo, b. 1873.",https://search.lib.umich.edu/catalog/record/990002780930106381,https://quod.lib.umich.edu/p/philamer/ABE4449.0001.001
